City_ID,City,Lat,Lng,Max Temp,Humidity,Cloudiness,Wind Speed,Country,Date
0,katsuura,35.1333,140.3,25.51,94,100,3.15,JP,1693776444
1,laojunmiao,39.8333,97.7333,21.11,22,100,2.91,CN,1693776444
2,novodvinsk,64.4165,40.8122,13.56,85,93,2.18,RU,1693776444
3,jinshi,29.6049,111.8701,20.58,87,68,0.91,CN,1693776444
4,enewetak,11.3474,162.3373,28.7,74,87,3.37,MH,1693776445
5,kingston,17.997,-76.7936,31.25,74,20,4.63,JM,1693776445
6,manay,7.215,126.5397,25.84,87,96,3.96,PH,1693776445
7,waitangi,-43.9535,-176.5597,10.46,88,100,0.89,NZ,1693776445
8,port-aux-francais,-49.35,70.2167,1.21,65,97,6.37,TF,1693776445
9,fortuna,40.5982,-124.1573,22.18,74,100,6.17,US,1693776445
10,huanuni,-18.2667,-66.85,11.89,15,90,9.27,BO,1693776446
11,whitehorse,60.7161,-135.0538,12.83,46,40,4.12,CA,1693776387
12,port mathurin,-19.6833,63.4167,22.49,79,63,11.17,MU,1693776446
13,lae,-6.7221,146.9847,23.37,86,100,1.46,PG,1693776446
14,bethel,41.3712,-73.414,31.3,63,40,2.57,US,1693776359
15,alesund,62.4723,6.1549,16.53,94,75,8.75,NO,1693776446
16,punta arenas,-53.15,-70.9167,3.22,63,88,5.98,CL,1693776394
17,saint-denis,48.9167,2.3333,24.52,72,0,4.12,FR,1693776447
18,vilyuysk,63.7553,121.6247,5.11,68,87,1.33,RU,1693776447
19,harrison,30.4091,-89.0436,32.01,75,0,5.14,US,1693776447
20,adamstown,-25.066,-130.1015,17.23,82,100,4.49,PN,1693776447
21,bodo,67.28,14.405,12.02,91,100,2.57,NO,1693776447
22,punta del este,-34.9667,-54.95,13.06,95,100,5.66,UY,1693776448
23,obudu,6.6674,9.1716,23.12,95,92,1.57,NG,1693776448
24,bonito,-21.1211,-56.4819,35.6,28,94,5.01,BR,1693776448
25,jinchang,38.4953,102.1739,21.0,31,1,0.86,CN,1693776448
26,port moresby,-9.4431,147.1797,23.68,83,75,1.03,PG,1693776448
27,puerto natales,-51.7236,-72.4875,3.15,69,49,2.81,CL,1693776186
28,atafu village,-8.5421,-172.5159,27.99,77,87,6.32,TK,1693776449
29,bereznik,62.8551,42.7072,13.15,87,66,1.94,RU,1693776449
30,weno,7.4515,151.8468,28.97,84,75,1.54,FM,1693776449
31,santa rosalia,27.3167,-112.2833,32.18,46,0,2.86,MX,1693776449
32,ribeira grande,38.5167,-28.7,24.32,90,88,0.45,PT,1693776449
33,grytviken,-54.2811,-36.5092,-1.15,95,55,5.42,GS,1693776449
34,cockburn town,21.4612,-71.1419,29.98,66,40,2.57,TC,1693776450
35,tiksi,71.6872,128.8694,-0.07,96,100,2.86,RU,1693776450
36,pisco,-13.7,-76.2167,22.03,64,0,7.72,PE,1693776226
37,sao felix do xingu,-6.6447,-51.995,33.23,26,7,0.99,BR,1693776450
38,yellowknife,62.456,-114.3525,12.29,73,75,7.72,CA,1693776450
39,igarka,67.4667,86.5833,3.18,81,28,5.65,RU,1693776450
40,stanley,54.868,-1.6985,15.43,89,0,2.57,GB,1693776451
41,yerofey pavlovich,53.9667,121.9667,5.7,58,99,0.71,RU,1693776451
42,iqaluit,63.7506,-68.5145,4.85,100,100,8.23,CA,1693776451
43,nordborg,55.0573,9.7408,16.18,94,85,3.09,DK,1693776451
44,suwayr,30.1171,40.3893,31.52,15,0,6.27,SA,1693776451
45,la ronge,55.1001,-105.2842,16.14,72,100,0.0,CA,1693776413
46,severo-yeniseyskiy,60.3725,93.0408,7.47,91,91,1.6,RU,1693776452
47,ambovombe,-25.1667,46.0833,20.13,79,0,3.05,MG,1693776452
48,daru,-9.0763,143.2092,24.13,74,56,5.6,PG,1693776452
49,chifeng,42.2683,118.9636,16.76,89,42,2.0,CN,1693776452
50,bilibino,68.0546,166.4372,0.22,79,96,1.25,RU,1693776452
51,albany,42.6001,-73.9662,29.89,64,2,0.45,US,1693776183
52,arraial do cabo,-22.9661,-42.0278,22.98,83,20,8.75,BR,1693776200
53,key west,24.5557,-81.7826,32.0,64,75,6.69,US,1693776314
54,puerto ayora,-0.7393,-90.3518,31.98,91,44,4.47,EC,1693776453
55,at taj,24.2049,23.2857,28.85,22,0,4.44,LY,1693776453
56,polyarnyy,69.1989,33.4478,14.2,91,15,5.17,RU,1693776454
57,papatowai,-46.5619,169.4708,8.92,87,42,3.86,NZ,1693776454
58,tsiombe,-25.3,45.4833,20.12,78,0,2.77,MG,1693776454
59,port elizabeth,-33.918,25.5701,16.16,82,75,5.66,ZA,1693776454
60,georgetown,5.4112,100.3354,27.96,92,20,0.51,MY,1693776454
61,invercargill,-46.4,168.35,8.34,89,36,2.68,NZ,1693776454
62,mossel bay,-34.1831,22.146,11.96,77,18,2.87,ZA,1693776454
63,westport,41.1415,-73.3579,32.38,60,40,4.12,US,1693776424
64,utrik,11.2278,169.8474,28.41,77,64,3.49,MH,1693776455
65,tual,-5.6667,132.75,24.89,80,94,7.69,ID,1693776455
66,port alfred,-33.5906,26.891,16.99,84,61,1.32,ZA,1693776455
67,ventspils,57.3894,21.5606,10.96,100,0,0.51,LV,1693776455
68,tabou,4.423,-7.3528,25.34,82,100,5.08,CI,1693776455
69,mount pearl,47.5166,-52.7813,20.08,76,40,5.66,CA,1693776456
70,hastings,50.8552,0.5729,19.95,33,100,5.16,GB,1693776201
71,gobabis,-22.45,18.9667,18.83,16,3,3.28,NA,1693776457
72,orsa,54.5153,30.4053,14.02,64,26,0.34,BY,1693776457
73,mugia,43.1041,-9.2179,21.06,80,99,6.57,ES,1693776457
74,hawaiian paradise park,19.5933,-154.9731,28.28,74,40,1.54,US,1693776344
75,salaga,8.5508,-0.5188,23.37,95,99,2.0,GH,1693776458
76,vilyuchinsk,52.9306,158.4028,17.15,86,100,3.7,RU,1693776459
77,blackmans bay,-43.0167,147.3167,5.85,84,0,4.51,AU,1693776459
78,tura,25.5198,90.2201,24.37,92,100,1.83,IN,1693776459
79,nagqu,31.5,92.0,1.81,91,98,1.65,CN,1693776459
80,olonkinbyen,70.9221,-8.7187,6.12,87,68,4.63,SJ,1693776460
81,sittwe,20.15,92.9,26.51,89,100,3.82,MM,1693776206
82,belyy yar,53.6039,91.3903,12.94,94,0,0.0,RU,1693776460
83,ancud,-41.8697,-73.8203,6.77,72,98,2.71,CL,1693776460
84,kisangani,0.5167,25.2,25.34,77,86,0.94,CD,1693776460
85,camacupa,-12.0167,17.4833,20.77,14,98,1.6,AO,1693776461
86,ketchikan,55.3422,-131.6461,17.26,59,75,4.63,US,1693776461
87,rongelap,11.1635,166.8941,28.27,74,85,2.49,MH,1693776461
88,edinburgh of the seven seas,-37.0676,-12.3116,12.22,74,89,6.44,SH,1693776461
89,nadi,-17.8,177.4167,27.0,74,20,2.06,FJ,1693776461
90,chui,-33.6971,-53.4616,14.33,99,100,2.37,UY,1693776462
91,nhamunda,-2.1861,-56.7131,36.58,19,17,3.07,BR,1693776462
92,jutai,-5.1833,-68.9,29.37,63,100,1.29,BR,1693776462
93,bairnsdale,-37.8333,147.6167,6.14,85,0,2.41,AU,1693776462
94,kodiak,57.79,-152.4072,13.73,72,100,2.57,US,1693776462
95,longyearbyen,78.2186,15.6401,4.91,87,75,2.57,SJ,1693776251
96,lebu,-37.6167,-73.65,9.17,66,100,5.43,CL,1693776462
97,uturoa,-16.7333,-151.4333,24.87,83,97,7.72,PF,1693776463
98,cadale,2.7603,46.3222,25.14,84,1,9.4,SO,1693776463
99,aasiaat,68.7098,-52.8699,1.79,75,29,1.32,GL,1693776463
100,vadso,70.0744,29.7487,15.49,87,75,2.06,NO,1693776463
101,ji'an,27.1172,114.9793,23.31,76,100,2.4,CN,1693776463
102,afaahiti,-17.75,-149.2833,25.93,92,100,8.63,PF,1693776464
103,margaret river,-33.95,115.0667,13.5,76,87,8.68,AU,1693776464
104,fuling,29.7022,107.3919,23.09,83,0,1.19,CN,1693776464
105,qaqortoq,60.7167,-46.0333,6.36,58,46,3.59,GL,1693776464
106,rosarito,32.3333,-117.0333,28.29,74,62,5.65,MX,1693776464
107,college,64.8569,-147.8028,13.45,66,75,4.12,US,1693776464
108,chinde,26.8418,88.0763,19.31,82,84,2.48,NP,1693776465
109,ta`u,-14.2336,-169.5144,26.88,75,75,8.31,AS,1693776465
110,mala,-12.6581,-76.6308,20.81,74,9,4.19,PE,1693776465
111,yatou,37.15,122.3833,20.23,88,82,1.53,CN,1693776465
112,isafjordur,66.0755,-23.124,7.38,72,14,4.86,IS,1693776465
113,guarapari,-20.6667,-40.4975,23.27,83,91,8.05,BR,1693776465
114,saipan,15.1355,145.701,27.39,94,20,0.0,MP,1693776466
115,meulaboh,4.1363,96.1285,23.82,92,100,1.42,ID,1693776466
116,vera,-29.4593,-60.2126,13.21,91,100,5.45,AR,1693776466
117,howrah,22.5892,88.3103,28.0,94,75,1.54,IN,1693776466
118,igra,57.5558,53.0547,11.53,88,8,0.51,RU,1693776466
119,haiku-pauwela,20.9219,-156.3051,29.01,58,20,11.32,US,1693776466
120,fisterra,42.9049,-9.2629,20.97,78,100,7.09,ES,1693776467
121,livingston,55.9029,-3.5226,15.71,83,0,3.6,GB,1693776236
122,hamilton,39.1834,-84.5333,34.58,48,75,4.12,US,1693776208
123,novo cruzeiro,-17.4681,-41.8753,20.5,75,53,1.77,BR,1693776467
124,hermanus,-34.4187,19.2345,11.56,81,33,3.51,ZA,1693776467
125,bechar,31.6167,-2.2167,29.18,11,0,2.57,DZ,1693776467
126,petropavlovsk-kamchatsky,53.0452,158.6483,16.33,77,75,3.0,RU,1693776467
127,camajuani,22.4833,-79.75,31.08,58,40,5.14,CU,1693776468
128,pierre,44.3683,-100.351,39.51,24,0,5.14,US,1693776468
129,coquimbo,-29.9533,-71.3436,17.85,51,20,4.63,CL,1693776380
130,pohang,36.0322,129.365,23.24,95,50,2.25,KR,1693776468
131,happy valley-goose bay,53.3168,-60.3315,23.17,56,40,8.23,CA,1693776468
132,carnarvon,-24.8667,113.6333,17.78,59,100,7.08,AU,1693776468
133,tanjung pandan,-2.75,107.65,22.85,79,4,3.64,ID,1693776469
134,prince george,53.9166,-122.753,20.69,27,0,6.17,CA,1693776179
135,komatipoort,-25.4332,31.9548,18.36,69,27,0.81,ZA,1693776469
136,ratnagiri,16.9833,73.3,26.39,85,100,4.62,IN,1693776469
137,griffith,41.5284,-87.4237,34.52,35,0,7.72,US,1693776174
138,avarua,-21.2078,-159.775,24.03,57,76,2.57,CK,1693776470
139,dombarovskiy,50.7587,59.5386,12.73,81,31,3.61,RU,1693776471
140,calingasta,-31.3308,-69.4078,17.88,11,0,4.23,AR,1693776471
141,karratha,-20.7377,116.8463,18.87,53,90,3.84,AU,1693776282
142,eyl,7.9803,49.8164,24.96,79,7,11.36,SO,1693776412
143,labytnangi,66.6572,66.4183,6.91,84,3,2.02,RU,1693776472
144,olinda,-8.0089,-34.8553,25.85,78,75,7.2,BR,1693776472
145,ushuaia,-54.8,-68.3,1.81,64,75,9.77,AR,1693776242
146,mawu,29.5923,107.3139,20.97,87,0,1.38,CN,1693776473
147,kotel'nikovo,47.6317,43.1461,24.8,29,100,8.43,RU,1693776473
148,tamanrasset,22.785,5.5228,28.95,24,40,1.03,DZ,1693776473
149,kaduy,59.2,37.15,14.54,91,100,0.61,RU,1693776473
150,brookings,44.3114,-96.7984,36.0,32,0,3.6,US,1693776416
151,boda,4.3189,17.4695,21.18,97,100,1.99,CF,1693776473
152,ilulissat,69.2167,-51.1,4.01,75,75,3.6,GL,1693776474
153,sisimiut,66.9395,-53.6735,4.21,64,97,2.1,GL,1693776474
154,hithadhoo,-0.6,73.0833,27.7,70,100,2.19,MV,1693776474
155,mount isa,-20.7333,139.5,9.87,81,2,1.54,AU,1693776474
156,sao joao da barra,-21.6403,-41.0511,24.05,82,36,8.89,BR,1693776474
157,turpan,42.9333,89.1667,31.55,21,88,0.83,CN,1693776474
158,al bawiti,28.3492,28.8659,27.17,33,0,3.18,EG,1693776475
159,antonio enes,-16.2325,39.9086,23.11,83,2,2.34,MZ,1693776475
160,nuestra senora del rosario de caa cati,-27.7507,-57.6207,26.0,82,100,2.76,AR,1693776475
161,goure,13.9835,10.2704,32.95,37,58,1.94,NE,1693776475
162,wailua homesteads,22.0669,-159.378,28.44,74,20,7.72,US,1693776475
163,saint john,45.2727,-66.0677,17.57,94,75,3.09,CA,1693776415
164,hasaki,35.7333,140.8333,26.28,92,100,3.65,JP,1693776475
165,batticaloa,7.7102,81.6924,25.33,82,100,2.12,LK,1693776476
166,bredasdorp,-34.5322,20.0403,8.18,90,2,2.28,ZA,1693776476
167,broome,42.2506,-75.833,31.68,68,0,2.57,US,1693776476
168,lompoc,34.6391,-120.4579,26.12,73,100,4.92,US,1693776476
169,tabuk,17.4189,121.4443,24.42,90,100,1.31,PH,1693776477
170,iskateley,67.6803,53.1512,14.89,91,100,3.47,RU,1693776477
171,talnakh,69.4865,88.3972,3.45,85,100,4.77,RU,1693776477
172,fuerte olimpo,-21.0415,-57.8738,38.38,25,96,5.55,PY,1693776477
173,thompson,55.7435,-97.8558,21.09,43,75,7.2,CA,1693776477
174,naze,28.3667,129.4833,24.51,83,19,2.26,JP,1693776477
175,warmbad,-28.45,18.7333,11.28,50,0,4.01,NA,1693776478
176,acapulco de juarez,16.8634,-99.8901,31.9,62,75,3.09,MX,1693776339
177,porto novo,6.4965,2.6036,24.9,89,89,2.19,BJ,1693776392
178,kavaratti,10.5669,72.642,27.11,80,100,9.24,IN,1693776478
179,touros,-5.1989,-35.4608,25.34,82,0,6.98,BR,1693776478
180,klyuchi,52.2667,79.1667,15.11,62,100,3.37,RU,1693776478
181,codrington,-38.2667,141.9667,16.98,34,100,9.04,AU,1693776479
182,saurimo,-9.6608,20.3916,23.05,42,70,1.27,AO,1693776479
183,lincoln city,44.9582,-124.0179,22.25,89,100,4.47,US,1693776248
184,nemuro,43.3236,145.575,17.69,91,97,1.12,JP,1693776479
185,anka,12.1138,5.9243,26.2,75,62,3.21,NG,1693776480
186,selfoss,63.9331,-20.9971,5.58,74,98,11.73,IS,1693776481
187,olyokminsk,60.3736,120.4264,3.78,78,6,1.08,RU,1693776481
188,adamovka,51.5223,59.9396,11.1,88,8,3.75,RU,1693776481
189,namibe,-15.1961,12.1522,17.65,88,64,3.04,AO,1693776481
190,sterling,39.0062,-77.4286,36.79,39,40,5.14,US,1693776472
191,general jose de san martin,-26.5374,-59.3416,22.88,81,100,5.09,AR,1693776482
192,gebeit,21.0667,36.3167,31.83,30,42,1.05,SD,1693776482
193,tolanaro,-25.0319,46.9987,22.04,78,20,7.2,MG,1693776482
194,ciudad melchor muzquiz,27.8833,-101.5167,34.97,22,0,3.67,MX,1693776441
195,jamestown,42.097,-79.2353,29.14,65,0,4.63,US,1693776211
196,kembe,4.6228,21.8865,21.13,97,82,1.09,CF,1693776483
197,jumla,29.2747,82.1838,14.84,91,1,1.87,NP,1693776483
198,souillac,-20.5167,57.5167,21.21,78,75,4.12,MU,1693776483
199,nassau,40.7507,-73.5829,33.24,56,20,3.6,US,1693776483
200,sa pa,22.3402,103.8441,16.93,87,99,1.03,VN,1693776484
201,pingliang,35.5392,106.6861,16.86,76,4,1.65,CN,1693776484
202,nova sintra,14.8667,-24.7167,24.16,82,91,2.9,CV,1693776484
203,gaiman,-43.2897,-65.4929,9.68,31,35,7.8,AR,1693776484
204,colonia,50.9333,6.95,18.87,75,0,3.09,DE,1693776484
205,choibalsan,48.0667,114.5,9.47,91,94,1.99,MN,1693776485
206,nova vicosa,-17.8919,-39.3719,23.1,72,100,4.19,BR,1693776286
207,zhangye,38.9342,100.4517,20.82,31,14,3.26,CN,1693776485
208,constantia,44.1833,28.65,19.38,59,13,0.85,RO,1693776334
209,ifakara,-8.1333,36.6833,23.24,59,1,2.57,TZ,1693776485
210,ciudad guayana,8.3533,-62.6528,33.07,64,71,3.54,VE,1693776190
211,minna,9.6139,6.5569,23.4,94,73,1.85,NG,1693776295
212,dudinka,69.4058,86.1778,3.68,92,100,4.15,RU,1693776486
213,urengoy,65.9667,78.3667,5.62,64,72,1.34,RU,1693776486
214,saint-philippe,-21.3585,55.7679,19.77,82,48,6.28,RE,1693776486
215,urmary,55.6789,47.944,13.01,56,5,1.05,RU,1693776486
216,cerignola,41.264,15.9005,23.57,62,95,5.15,IT,1693776486
217,bhimunipatnam,17.8833,83.4333,28.73,81,100,1.42,IN,1693776486
218,qaisumah,28.3112,46.1273,32.98,19,0,3.09,SA,1693776487
219,murzuq,25.9155,13.9184,33.18,15,0,3.96,LY,1693776487
220,horta,38.5333,-28.6333,23.9,90,91,0.45,PT,1693776382
221,cuatro cienegas de carranza,26.9833,-102.0833,35.22,17,0,2.02,MX,1693776487
222,aripuana,-9.1667,-60.6333,33.88,34,88,0.27,BR,1693776487
223,udachny,66.4167,112.4,5.25,75,100,4.96,RU,1693776487
224,bhuj,23.2667,69.6667,26.08,76,89,5.27,IN,1693776488
225,whakatane,-37.9585,176.9854,14.38,68,98,2.59,NZ,1693776488
226,taishan,22.2514,112.7799,25.63,91,100,1.36,CN,1693776488
227,port augusta,-32.5,137.7667,11.74,69,60,2.61,AU,1693776488
228,monywa,22.1167,95.1333,26.44,86,100,1.14,MM,1693776488
229,glace bay,46.1969,-59.957,22.66,74,40,5.66,CA,1693776488
230,st. john's,47.5649,-52.7093,20.54,75,40,5.66,CA,1693776321
231,madison,34.7334,-86.5667,32.75,50,75,3.09,US,1693776357
232,hammerfest,70.6634,23.6821,15.25,77,20,5.66,NO,1693776489
233,huaihua,27.5494,109.9592,19.59,96,92,0.74,CN,1693776489
234,ati,13.2154,18.3353,28.2,61,68,2.72,TD,1693776489
235,camana,-16.6228,-72.7111,18.71,77,41,4.13,PE,1693776489
236,zyrya,40.3661,50.2917,22.05,58,0,2.19,AZ,1693776490
237,tazovsky,67.4667,78.7,3.14,86,53,4.72,RU,1693776490
238,homer,59.6425,-151.5483,12.94,78,100,0.0,US,1693776410
239,keflavik,64.0049,-22.5624,6.95,87,75,7.2,IS,1693776490
240,sandnessjoen,66.0217,12.6316,12.06,87,75,10.8,NO,1693776293
241,zaozersk,69.4005,32.4476,13.65,86,14,3.62,RU,1693776491
242,sao marcos,-28.9711,-51.0681,18.65,99,100,1.65,BR,1693776491
243,kangding,30.0513,101.9603,10.07,84,0,1.84,CN,1693776491
244,west island,-12.1568,96.8225,24.99,78,100,4.63,CC,1693776491
245,tambura,5.6,27.4667,21.14,93,100,1.52,SS,1693776491
246,castillos,-34.1667,-53.8333,14.19,99,100,2.38,UY,1693776491
247,dwarka,22.2394,68.9678,27.54,74,48,4.3,IN,1693776492
248,mahanje,-9.9333,35.3333,18.38,61,59,1.34,TZ,1693776492
249,pitanga,-24.7572,-51.7614,21.06,87,73,0.57,BR,1693776492
250,la passe,45.5549,-0.8967,26.13,43,33,3.46,FR,1693776492
251,santa cruz,-17.8,-63.1667,26.03,78,75,7.72,BO,1693776262
252,kiffa,16.6166,-11.4045,29.75,65,77,9.99,MR,1693776492
253,nantucket,41.2835,-70.0995,26.06,87,0,5.14,US,1693776205
254,anadyr,64.75,177.4833,7.28,56,0,5.0,RU,1693776493
255,berdigestyakh,62.0989,126.6992,2.34,72,40,1.83,RU,1693776493
256,vorgashor,67.5833,63.95,8.23,80,11,1.88,RU,1693776493
257,sakleshpur,12.9667,75.7833,19.38,95,100,3.33,IN,1693776493
258,yaren,-0.5472,166.916,28.51,74,45,4.94,NR,1693776494
259,mbanza-ngungu,-5.25,14.8667,24.46,58,100,3.9,CD,1693776494
260,fort st. john,56.2499,-120.8529,13.94,47,75,2.57,CA,1693776494
261,howick,-29.4779,30.2306,15.84,58,7,1.83,ZA,1693776494
262,tangalle,6.024,80.7911,25.09,92,100,8.48,LK,1693776494
263,tarinkot,32.6268,65.8733,23.51,12,0,0.71,AF,1693776495
264,robertsport,6.7533,-11.3686,24.07,93,100,4.73,LR,1693776495
265,paghman,34.5875,68.9533,14.86,23,0,1.25,AF,1693776495
266,liuduzhai,27.3661,110.935,19.49,95,31,1.21,CN,1693776495
267,valozhyn,54.0909,26.5225,15.47,60,95,0.23,BY,1693776495
268,siracusa,37.0881,15.2792,23.77,66,2,0.78,IT,1693776496
269,sao miguel do guama,-1.6267,-47.4833,30.7,52,99,3.54,BR,1693776496
270,buka,40.8108,69.1986,19.64,25,38,2.44,UZ,1693776496
271,ishigaki,24.3448,124.1572,27.07,94,100,5.14,JP,1693776497
272,arkhangel'sk,64.5401,40.5433,13.85,85,78,2.23,RU,1693776497
273,port douglas,-16.4833,145.4667,21.7,70,79,2.59,AU,1693776497
274,as sulayyil,20.4607,45.5779,32.14,13,0,3.24,SA,1693776497
275,crane,31.3974,-102.3501,36.1,16,0,5.24,US,1693776497
276,aleg,17.0481,-13.9209,37.57,31,100,3.53,MR,1693776498
277,ust-nera,64.5667,143.2,3.71,78,88,2.32,RU,1693776498
278,al majaridah,19.1236,41.9111,33.74,48,22,0.59,SA,1693776498
279,vredendal,-31.6683,18.5012,9.63,88,21,0.72,ZA,1693776498
280,minusinsk,53.7103,91.6875,13.01,76,100,1.23,RU,1693776498
281,arauca,7.0847,-70.7591,28.17,82,98,3.01,CO,1693776498
282,kailua-kona,19.6406,-155.9956,28.98,76,40,6.69,US,1693776499
283,saldanha,-33.0117,17.9442,10.03,78,14,2.28,ZA,1693776499
284,kerman,30.2832,57.0788,23.92,22,0,2.06,IR,1693776499
285,mao,39.8885,4.2658,25.31,88,0,8.23,ES,1693776500
286,plouzane,48.3833,-4.6167,21.03,91,0,3.6,FR,1693776500
287,andovoranto,-18.95,49.1,19.78,90,69,1.38,MG,1693776501
288,sao vicente,-23.9631,-46.3919,34.04,60,20,1.34,BR,1693776501
289,kertih,4.5141,103.4483,26.01,100,100,0.0,MY,1693776502
290,dobryanka,58.4619,56.4165,12.23,68,100,1.57,RU,1693776503
291,holmsund,63.706,20.3641,12.97,94,0,2.57,SE,1693776503
292,kozhevnikovo,56.2589,83.9714,11.72,88,45,1.83,RU,1693776503
293,san juan,-31.5375,-68.5364,17.82,22,0,6.27,AR,1693776504
294,kone,-21.0595,164.8658,20.42,78,100,1.86,NC,1693776504
295,mejit,10.2753,170.8646,28.27,78,50,4.49,MH,1693776504
296,luanco,43.6152,-5.7934,22.79,87,100,6.0,ES,1693776504
297,rio grande,-32.035,-52.0986,17.06,98,100,3.58,BR,1693776505
298,panajachel,14.7333,-91.15,26.28,76,93,1.15,GT,1693776505
299,broken hill,-31.95,141.4333,16.93,27,68,10.22,AU,1693776505
300,mwingi,-0.9344,38.0601,19.04,69,2,5.0,KE,1693776505
301,mogocha,53.7333,119.7667,4.03,63,89,0.28,RU,1693776505
302,port saint john's,-31.6229,29.5448,19.16,88,92,1.43,ZA,1693776506
303,shingu,33.7333,135.9833,25.91,86,100,4.93,JP,1693776506
304,thohoyandou,-22.9456,30.485,19.44,41,97,0.88,ZA,1693776506
305,dellys,36.9172,3.9131,29.64,55,100,4.54,DZ,1693776506
306,remire-montjoly,4.9167,-52.2667,30.02,66,0,4.12,GF,1693776506
307,mikhaylov,54.2292,39.0186,14.9,81,87,2.33,RU,1693776506
308,arica,-18.475,-70.3042,20.75,68,100,6.69,CL,1693776507
309,nuuk,64.1835,-51.7216,5.49,60,100,4.02,GL,1693776507
310,bikenibeu village,1.3673,173.1241,28.98,84,40,3.6,KI,1693776507
311,flin flon,54.7682,-101.865,19.91,49,100,3.09,CA,1693776507
312,corn island,12.1694,-83.0418,28.73,76,75,3.12,NI,1693776507
313,akrehamn,59.2667,5.1833,16.34,94,75,2.06,NO,1693776508
314,glendive,47.1053,-104.7125,35.79,21,0,4.12,US,1693776508
315,san patricio,28.017,-97.5169,35.65,44,64,6.74,US,1693776508
316,qamdo,31.1667,97.2333,2.74,80,89,1.15,CN,1693776508
317,lorengau,-2.0226,147.2712,27.31,76,31,4.23,PG,1693776509
318,yuzhno-kurilsk,44.0306,145.8556,17.38,95,99,1.24,RU,1693776509
319,tazacorte,28.629,-17.9293,23.54,73,20,1.03,ES,1693776509
320,flen,59.0583,16.5878,15.05,87,86,2.91,SE,1693776335
321,egilsstadir,65.2653,-14.3948,9.95,50,75,7.2,IS,1693776509
322,oruro,-17.9833,-67.15,12.33,33,99,6.52,BO,1693776510
323,urangan,-25.3,152.9,20.56,75,2,4.33,AU,1693776510
324,achinsk,56.2694,90.4993,11.46,91,82,2.04,RU,1693776510
325,kununurra,-15.7667,128.7333,16.99,88,16,0.0,AU,1693776510
326,krasnopillya,50.7746,35.2597,15.22,59,69,3.49,UA,1693776510
327,kill devil hills,36.0307,-75.676,28.0,56,0,2.06,US,1693776510
328,karonga,-9.9333,33.9333,22.76,72,13,1.19,MW,1693776511
329,sabha,27.0377,14.4283,32.81,20,0,5.8,LY,1693776511
330,xilin hot,43.9667,116.0333,13.23,89,2,2.19,CN,1693776511
331,humaita,-7.5061,-63.0208,39.49,21,98,1.89,BR,1693776512
332,kwang binh,17.4833,106.6,25.81,88,95,3.69,VN,1693776381
333,tofol,5.3248,163.0078,28.43,69,34,2.59,FM,1693776512
334,halmstad,56.6745,12.8568,18.11,88,100,4.63,SE,1693776512
335,northam,51.0333,-4.2167,19.81,89,67,3.04,GB,1693776512
336,petropavlovka,50.6114,105.3196,11.17,91,20,0.67,RU,1693776512
337,gisborne,-38.6533,178.0042,10.08,87,92,0.52,NZ,1693776513
338,greymouth,-42.4667,171.2,10.54,68,39,3.81,NZ,1693776513
339,renala khurd,30.8833,73.6,29.35,34,0,2.35,PK,1693776513
340,camiri,-20.05,-63.5167,30.88,40,100,3.09,BO,1693776513
341,badger,64.8,-147.5333,13.41,63,20,4.12,US,1693776513
342,ovria,38.1833,21.7167,24.6,56,77,1.61,GR,1693776513
343,lionel town,17.8101,-77.2406,30.94,60,23,3.71,JM,1693776514
344,myitkyina,25.3833,97.4,24.25,87,3,0.66,MM,1693776256
345,alice springs,-23.7,133.8833,18.75,32,2,4.63,AU,1693776514
346,tres arroyos,-38.3739,-60.2798,12.0,46,100,1.49,AR,1693776514
347,hobyo,5.3505,48.5268,24.92,83,8,11.76,SO,1693776359
348,khandyga,62.6667,135.6,4.41,68,86,1.95,RU,1693776514
349,koungheul,13.9833,-14.8,27.8,84,93,3.51,SN,1693776514
350,bayanaul,50.7889,75.6956,12.61,60,100,2.95,KZ,1693776515
351,gambiran satu,-8.3939,114.1464,19.52,95,96,0.65,ID,1693776515
352,lianzhou,24.7811,112.3825,22.96,93,100,1.66,CN,1693776515
353,ampanihy,-24.7,44.75,21.49,51,0,2.58,MG,1693776515
354,nouadhibou,20.931,-17.0347,25.99,61,25,6.69,MR,1693776515
355,newman,37.3138,-121.0208,26.14,41,97,1.79,US,1693776516
356,cabo san lucas,22.8909,-109.9124,35.9,66,20,4.63,MX,1693776314
357,mokhsogollokh,61.4681,128.9203,2.69,73,83,1.82,RU,1693776516
358,nguti,5.3299,9.4185,22.62,98,100,0.35,CM,1693776516
359,praia da vitoria,38.7333,-27.0667,23.2,88,20,1.1,PT,1693776516
360,baiti,13.745,-14.7482,26.98,86,65,3.27,SN,1693776516
361,baise city,23.8997,106.6133,22.26,98,100,1.78,CN,1693776517
362,kerikeri,-35.2268,173.9474,13.84,96,29,1.41,NZ,1693776517
363,yangiyul,41.112,69.0471,22.48,25,6,2.43,UZ,1693776517
364,lethem,3.3803,-59.7968,32.03,58,20,5.14,GY,1693776517
365,pacifica,37.6138,-122.4869,25.96,78,40,7.72,US,1693776517
366,fort morgan,40.2503,-103.8,34.68,26,6,3.6,US,1693776517
367,chonchi,-42.6128,-73.8092,5.07,84,61,1.1,CL,1693776518
368,shamakhi,40.6314,48.6414,19.91,49,0,1.28,AZ,1693776518
369,aldan,58.6031,125.3894,2.93,65,92,1.87,RU,1693776518
370,pontianak,-0.0333,109.3333,23.99,88,75,3.6,ID,1693776288
371,temiskaming shores,47.4938,-79.7153,25.89,55,100,4.22,CA,1693776268
372,auburn,47.3073,-122.2284,22.43,72,100,6.69,US,1693776302
373,guerrero negro,27.9769,-114.0611,25.38,74,39,9.48,MX,1693776519
374,kyzyl-mazhalyk,51.1333,90.6,11.95,63,100,0.2,RU,1693776519
375,bamboo flat,11.7,92.7167,25.05,88,100,5.14,IN,1693776519
376,keren,15.7778,38.4581,25.05,54,30,0.94,ER,1693776519
377,manicore,-5.8092,-61.3003,34.97,46,0,3.09,BR,1693776519
378,ilhabela,-23.7781,-45.3581,22.54,91,11,3.03,BR,1693776519
379,goondiwindi,-28.55,150.3167,15.76,83,66,6.37,AU,1693776520
380,vernon,50.2581,-119.2691,22.2,60,98,1.03,CA,1693776520
381,kapa'a,22.0752,-159.319,29.18,74,20,7.72,US,1693776438
382,new norfolk,-42.7826,147.0587,6.51,95,0,1.23,AU,1693776520
383,mont-laurier,46.5501,-75.4993,27.79,53,30,2.71,CA,1693776520
384,mount gambier,-37.8333,140.7667,16.03,36,100,6.06,AU,1693776510
385,luganville,-15.5333,167.1667,25.64,87,96,5.26,VU,1693776521
386,hilo,19.7297,-155.09,30.16,69,40,1.79,US,1693776409
387,quellon,-43.1167,-73.6167,5.14,87,100,3.6,CL,1693776521
388,pucheng,27.9233,118.5333,21.59,97,80,1.94,CN,1693776521
389,huambo,-12.7761,15.7392,19.89,21,0,1.54,AO,1693776521
390,sarina,-21.4333,149.2167,19.78,1,13,1.62,AU,1693776521
391,mhlume,-26.0333,31.85,18.02,77,40,1.68,SZ,1693776522
392,dzhangala,49.2167,50.3333,18.03,38,0,2.77,KZ,1693776522
393,dakhla,23.6848,-15.958,22.01,83,38,4.63,EH,1693776522
394,kale,50.9581,1.8521,18.33,84,100,4.16,FR,1693776522
395,hadibu,12.65,54.0333,25.83,83,31,6.31,YE,1693776522
396,lubang,13.8584,120.124,27.71,85,100,11.27,PH,1693776522
397,dauphin,51.1494,-100.0502,27.08,47,0,3.6,CA,1693776523
398,aioun,16.6614,-9.6149,34.61,39,99,5.95,MR,1693776523
399,adrar,20.5022,-10.0711,34.23,20,8,4.81,MR,1693776523
400,itoman,26.1247,127.6694,28.43,78,75,4.12,JP,1693776523
401,guane,22.2025,-84.0875,30.0,67,100,1.03,CU,1693776523
402,iskushuban,10.2837,50.23,29.09,49,29,6.44,SO,1693776523
403,veydelevka,50.1521,38.4492,18.19,64,40,4.39,RU,1693776524
404,lihue,21.9789,-159.3672,28.77,67,20,7.72,US,1693776524
405,garachico,28.7781,-17.7646,22.06,60,20,1.03,ES,1693776524
406,hirara,24.8,125.2833,26.15,94,100,5.14,JP,1693776524
407,chissamba,-12.1667,17.3333,20.86,14,75,1.41,AO,1693776524
408,lahti,59.9911,30.1597,14.49,88,0,1.9,RU,1693776525
409,alo,7.4178,6.7371,23.75,94,100,1.67,NG,1693776525
410,gournay-en-bray,49.4828,1.7247,22.63,92,100,3.78,FR,1693776525
411,clarksburg,39.2807,-80.3445,30.79,63,75,3.6,US,1693776525
412,holualoa,19.6228,-155.9522,27.65,76,40,6.69,US,1693776525
413,hola,51.5377,23.1902,14.1,65,45,1.4,PL,1693776427
414,valparaiso,-33.0393,-71.6273,17.8,68,0,3.6,CL,1693776272
415,naracoorte,-36.9579,140.7383,17.9,30,100,9.55,AU,1693776526
416,lazaro cardenas,17.9583,-102.2,30.96,68,46,3.68,MX,1693776329
417,carutapera,-1.195,-46.02,26.88,75,76,4.13,BR,1693776526
418,flying fish cove,-10.4217,105.6791,22.82,88,100,4.63,CX,1693776527
419,rampur,28.8167,79.0333,26.05,69,0,1.94,IN,1693776527
420,cabedelo,-6.9811,-34.8339,24.37,80,15,7.04,BR,1693776292
421,constitucion,-35.3333,-72.4167,11.6,90,100,2.8,CL,1693776527
422,mandera,3.9366,41.867,26.91,56,74,10.2,KE,1693776527
423,nyurba,63.2842,118.3319,3.52,75,81,0.95,RU,1693776527
424,mobaye,4.319,21.1786,21.79,98,100,1.11,CF,1693776528
425,kilinochchi,9.3961,80.3982,26.87,79,100,8.32,LK,1693776528
426,kristiansund,63.1115,7.732,15.03,94,100,8.75,NO,1693776528
427,leh,34.1667,77.5833,13.69,38,37,2.19,IN,1693776376
428,itaituba,-4.2761,-55.9836,35.09,41,20,3.09,BR,1693776528
429,grand falls-windsor,48.9332,-55.6649,22.5,52,0,0.45,CA,1693776529
430,lisala,2.15,21.5167,21.58,98,82,1.29,CD,1693776529
431,mar del plata,-38.0023,-57.5575,9.49,87,0,3.09,AR,1693776529
432,east london,-33.0153,27.9116,17.56,82,34,1.17,ZA,1693776529
433,diapaga,12.0708,1.7889,23.9,87,19,1.88,BF,1693776530
434,honnali,14.25,75.6667,22.08,93,100,3.92,IN,1693776530
435,lucheng,31.2336,117.2806,21.07,93,75,2.0,CN,1693776452
436,bargaal,11.2864,51.0773,25.07,86,42,1.95,SO,1693776531
437,talcahuano,-36.7167,-73.1167,11.82,58,0,5.14,CL,1693776531
438,karakulino,56.012,53.7067,14.01,71,5,1.39,RU,1693776532
439,astrakhan,46.3497,48.0408,16.93,82,0,3.13,RU,1693776532
440,labrador city,52.9463,-66.9114,22.95,60,40,6.69,CA,1693776532
441,pathein,16.7833,94.7333,25.33,96,100,0.87,MM,1693776532
442,kuraymah,18.55,31.85,36.79,17,75,5.08,SD,1693776533
443,porto belo,-27.1578,-48.5531,22.05,98,100,0.67,BR,1693776483
444,key largo,25.0865,-80.4473,30.0,64,59,9.31,US,1693776394
445,guilin,25.2819,110.2864,22.06,89,19,1.86,CN,1693776533
446,las khorey,11.1595,48.1967,32.05,57,45,2.62,SO,1693776533
447,newcastle,-32.9272,151.7765,14.84,95,20,0.0,AU,1693776468
448,thunder bay,48.4001,-89.3168,30.99,58,40,4.63,CA,1693776534
449,mora,11.0461,14.1401,25.68,71,100,1.63,CM,1693776534
450,kharp,66.8014,65.8081,7.49,84,3,1.01,RU,1693776534
451,monticello,45.3055,-93.7941,36.18,43,0,2.57,US,1693776534
452,taltal,-25.4,-70.4833,18.07,60,73,2.4,CL,1693776534
453,nikol'sk,53.7189,46.0712,12.42,49,19,2.45,RU,1693776535
454,galle,6.0367,80.217,25.39,88,100,8.44,LK,1693776535
455,pruszcz gdanski,54.2622,18.6363,16.45,88,0,1.54,PL,1693776535
456,stockerau,48.383,16.1996,20.07,83,75,1.79,AT,1693776535
457,macusani,-14.0833,-70.4333,9.21,50,94,6.07,PE,1693776535
458,montego bay,18.4712,-77.9188,26.89,83,40,2.06,JM,1693776327
459,port lincoln,-34.7333,135.8667,12.11,64,64,10.11,AU,1693776536
460,maumere,-8.6199,122.2111,23.02,80,48,1.46,ID,1693776536
461,north bend,43.4065,-124.2243,24.58,77,40,3.09,US,1693776536
462,bengkulu,-3.8004,102.2655,22.0,88,18,3.39,ID,1693776284
463,tawau,4.2498,117.8871,25.07,84,94,0.78,MY,1693776536
464,hanzhong,33.0728,107.0303,19.55,87,0,0.45,CN,1693776536
465,macapa,0.0389,-51.0664,30.99,58,40,4.63,BR,1693776537
466,huilong,31.8111,121.655,27.18,91,62,2.21,CN,1693776537
467,kati,12.7441,-8.0726,25.67,90,98,1.57,ML,1693776537
468,sitka,57.0531,-135.33,12.94,94,100,1.54,US,1693776537
469,kruisfontein,-34.0033,24.7314,10.72,76,51,3.58,ZA,1693776538
470,junin de los andes,-39.9504,-71.0694,4.86,58,72,5.0,AR,1693776538
471,gorontalo,0.5412,123.0595,22.7,94,30,2.27,ID,1693776538
472,makhambet,47.6667,51.5833,20.25,34,2,4.02,KZ,1693776538
473,gao,16.6362,1.637,33.25,39,100,5.17,ML,1693776538
474,abalak,58.1286,68.5944,8.52,86,62,4.29,RU,1693776538
475,porbandar,21.6422,69.6093,27.1,75,83,3.68,IN,1693776539
476,umm ruwaba,12.9061,31.2158,29.04,56,100,4.1,SD,1693776539
477,mineros,-17.1167,-63.2333,31.38,48,100,4.09,BO,1693776539
478,sechura,-5.5569,-80.8222,25.78,56,17,8.57,PE,1693776539
479,medina,24.4686,39.6142,38.24,16,0,3.6,SA,1693776539
480,ust'-barguzin,53.45,108.9833,7.37,90,39,2.29,RU,1693776539
481,neiafu,-18.65,-173.9833,25.38,83,40,2.06,TO,1693776540
482,linxia chengguanzhen,35.6003,103.2064,13.88,61,0,1.51,CN,1693776540
483,tucuma,-0.1833,-50.05,29.06,65,40,4.85,BR,1693776540
484,nar'yan-mar,67.6713,53.087,15.01,91,100,3.45,RU,1693776540
485,fale old settlement,-9.3852,-171.2468,27.59,80,92,7.2,TK,1693776540
486,nacala,-14.5428,40.6728,21.64,88,5,1.2,MZ,1693776391
487,feicheng,35.2606,117.9675,19.78,82,28,0.12,CN,1693776541
488,bayanhongor,46.7167,100.1167,10.2,45,83,1.35,MN,1693776542
489,kenai,60.5544,-151.2583,13.05,88,100,5.14,US,1693776542
490,shiqian,27.5225,108.2281,17.76,95,92,0.51,CN,1693776543
491,savaneta,12.45,-69.9333,31.94,74,20,7.72,AW,1693776543
492,altay,47.8667,88.1167,17.57,29,78,3.44,CN,1693776543
493,east ballina,-28.8667,153.5833,15.44,87,70,1.89,AU,1693776543
494,gualeguaychu,-33.0094,-58.5172,12.72,98,100,6.71,AR,1693776544
495,champerico,14.3,-91.9167,26.3,63,26,2.73,GT,1693776544
496,ulsteinvik,62.3432,5.8487,16.53,94,100,9.39,NO,1693776544
497,ujfeherto,47.8,21.6833,15.89,75,42,6.09,HU,1693776544
498,shibirghan,36.6676,65.7529,23.25,20,0,1.44,AF,1693776544
499,colachel,8.1667,77.25,25.17,90,99,5.86,IN,1693776545
500,wotje,9.4543,170.2367,27.95,77,39,2.25,MH,1693776545
501,onega,63.9061,38.1404,15.14,79,75,1.85,RU,1693776545
502,puerto baquerizo moreno,-0.9,-89.6,27.55,69,20,8.23,EC,1693776545
503,xining,36.6167,101.7667,10.75,60,0,1.12,CN,1693776545
504,prudentopolis,-25.2131,-50.9778,22.19,87,85,1.29,BR,1693776356
505,les avirons,-21.2418,55.3394,19.03,73,0,3.09,RE,1693776546
506,awjilah,29.1081,21.2869,26.18,50,0,6.01,LY,1693776546
507,redding,40.5865,-122.3917,28.45,43,0,2.06,US,1693776429
508,robore,-18.3333,-59.75,37.58,25,93,4.52,BO,1693776546
509,banposh,22.25,84.8,24.44,93,96,1.19,IN,1693776546
510,kochubey,44.3861,46.5825,23.47,67,100,8.6,RU,1693776547
511,revelstoke,50.9832,-118.2023,17.01,88,100,3.6,CA,1693776548
512,khromtau,50.2503,58.4347,12.61,75,76,3.01,KZ,1693776548
513,santa isabel,-23.3156,-46.2214,29.61,67,97,1.57,BR,1693776549
514,safi,32.1667,-8.8333,18.13,78,1,4.89,MA,1693776369
515,port macquarie,-31.4333,152.9167,11.61,89,12,1.99,AU,1693776549
516,mandal,25.45,74.5667,25.48,66,3,3.83,IN,1693776549
517,malango,-2.9627,119.9001,18.51,98,62,0.52,ID,1693776550
518,filipstad,59.7124,14.1683,11.91,93,100,2.78,SE,1693776550
519,murun-kuren,49.6342,100.1625,11.52,68,60,0.65,MN,1693776551
520,san pedro del pinatar,37.8357,-0.791,28.24,77,100,7.6,ES,1693776551
521,eraan,9.0629,117.7016,26.25,79,100,2.08,PH,1693776551
522,linfen,36.0889,111.5189,24.24,59,4,0.67,CN,1693776459
523,ola,59.5833,151.2833,6.75,68,5,3.81,RU,1693776551
524,ongwediva,-17.7833,15.7667,22.98,15,6,4.27,NA,1693776552
525,alaghsas,17.0187,8.0168,35.32,32,68,3.79,NE,1693776552
526,christchurch,-43.5333,172.6333,10.74,89,75,6.17,NZ,1693776386
527,muleshoe,34.2265,-102.7238,36.8,11,0,6.12,US,1693776552
528,chittagong,22.9167,91.5,26.08,93,100,2.48,BD,1693776308
529,lesnoy,57.6198,63.0784,8.04,89,85,2.96,RU,1693776553
530,auki,-8.7676,160.7034,26.81,81,72,1.98,SB,1693776553
531,reggane,26.7158,0.1714,37.75,11,0,3.04,DZ,1693776554
532,salay,8.8592,124.7892,26.94,80,100,1.97,PH,1693776554
533,zuru,11.4241,5.2288,23.44,88,4,2.23,NG,1693776555
534,encarnacion de diaz,21.5167,-102.2333,26.88,24,10,0.23,MX,1693776555
535,sinabang,2.4803,96.3801,24.55,89,100,0.81,ID,1693776556
536,vallegrande,-18.4897,-64.1069,19.75,57,99,6.23,BO,1693776556
537,mubende,0.5606,31.39,18.1,81,0,1.3,UG,1693776556
538,paso de los toros,-32.8167,-56.5167,14.51,98,100,5.87,UY,1693776556
539,chaiya,9.3862,99.1986,26.21,84,100,3.14,TH,1693776557
540,thaton,16.9206,97.3714,25.38,93,100,1.57,MM,1693776557
541,kapuskasing,49.4169,-82.4331,31.0,55,75,6.17,CA,1693776557
542,la sarre,48.8002,-79.1996,29.96,48,16,4.73,CA,1693776557
543,kincardine,56.0667,-3.7167,16.62,89,60,3.08,GB,1693776557
544,kalispell,48.1958,-114.3129,22.6,56,0,3.6,US,1693776558
545,stephenville,32.2207,-98.2023,39.37,20,0,4.12,US,1693776558
546,bako,5.7833,36.5667,21.97,53,81,1.81,ET,1693776558
547,tokar,18.4254,37.729,31.35,65,1,3.32,SD,1693776558
548,necochea,-38.5473,-58.7368,8.63,72,100,2.9,AR,1693776558
549,boguchany,58.3814,97.4531,7.71,74,99,0.69,RU,1693776558
550,sola,-13.8833,167.55,25.96,85,77,8.41,VU,1693776559
551,sihanoukville,10.6093,103.5296,26.97,89,40,5.66,KH,1693776559
552,thinadhoo,0.5333,72.9333,27.61,69,100,2.34,MV,1693776559
553,richards bay,-28.783,32.0377,22.6,56,7,6.23,ZA,1693776559
554,pantai remis,4.4557,100.6288,26.01,89,79,1.53,MY,1693776559
555,slobozia bradului,45.5,27.05,17.56,84,100,5.76,RO,1693776559
556,kismayo,-0.3582,42.5454,24.73,80,2,7.04,SO,1693776560
557,waingapu,-9.6567,120.2641,21.85,82,14,4.56,ID,1693776560
558,cooper's town,26.8667,-77.5167,28.29,61,28,7.36,BS,1693776560
559,amos,48.5669,-78.1162,29.11,50,55,4.0,CA,1693776560
560,forster,-32.1667,152.5167,8.54,100,9,2.28,AU,1693776560
561,suva,-18.1416,178.4415,26.71,78,40,2.57,FJ,1693776370
562,mana,5.6592,-53.7767,27.71,75,95,4.58,GF,1693776561
563,fauske,67.2588,15.3918,12.02,87,100,1.23,NO,1693776561
564,axim,4.8699,-2.2405,24.19,91,70,3.43,GH,1693776561
565,kukuna,9.4,-12.6667,23.76,95,99,1.2,SL,1693776561
566,loiza,18.4313,-65.8802,31.99,66,40,4.12,PR,1693776561
567,two rivers,44.1539,-87.5693,35.56,47,0,5.66,US,1693776562
568,meadow lakes,61.6247,-149.6011,12.14,90,100,2.24,US,1693776562
569,muynoq,43.7683,59.0214,17.88,55,0,1.49,UZ,1693776562
570,beardstown,40.0176,-90.4243,34.48,48,0,0.45,US,1693776562
571,kerema,-7.9631,145.7785,23.47,91,100,1.22,PG,1693776562
572,kintampo,8.0563,-1.7306,22.04,95,100,2.43,GH,1693776562
573,hailar,49.2,119.7,6.6,94,29,1.65,CN,1693776563
